feature,radius_ratio,nerf_n,nerf_mean,nerf_std,real_n,real_mean,real_std,test,p_value
high_freq_power_ratio,0.25,150,0.011587755702503623,0.0061751839433139945,30,0.0033223505235330255,0.0019130237177973001,Mann-Whitney U,5.457780977849434e-16
